captured_date,market,market_name,chart,period_suffix,rank,image_url,primary_name,secondary_name,release_date,metric_value,raw_text
2026-08-31,jp,Japan,top_shorts_songs_daily,20260726,1,https://yt3.googleusercontent.com/rVCuXgKTY3EbcM0GmU-UMPF9mF_UQXauJpij2dM6tAnUGO-MsmIj7WXsa9DMSfY66CQdDP9zjLaVBtfi-w=w180-h180-l90-rj,クエスチョン,meiyo,"11月 29, 2021",<10K,"1 1 クエスチョン meiyo 11月 29, 2021 2 62 <10K"
2026-08-31,jp,Japan,top_shorts_songs_daily,20260726,2,https://yt3.googleusercontent.com/qOgEcdAyumI9jcqu_Du3YVq_b6w3yoPzGPFnCPN_zjw8k0FH_a1vNmEhRgGyaiQDKBDRej5XzblASUo=w180-h180-l90-rj,Haaland (Ha Ha Ha),CTID,,,Haaland (Ha Ha Ha) CTID
2026-08-31,jp,Japan,top_shorts_songs_daily,20260726,3,https://yt3.googleusercontent.com/qmjaqHqwF3HTSnZbp3locgnMbjnHbVoLSOrB69_vSPux1BP0W-hQu7Mav8CZNqCC3rVDrjjVXRYEZkaO=w180-h180-l90-rj,FALL FROM THE SKY PT. 2,RomancePlanet / STAKILLAZ,,,FALL FROM THE SKY PT. 2 RomancePlanet & STAKILLAZ
2026-08-31,jp,Japan,top_shorts_songs_daily,20260726,4,https://yt3.googleusercontent.com/hNAxd82b5fryQRfMQbqIpQgkM-n5Be2UbbMVsVHObO09wItZ3IVXO9cUJfR6wvy0NboMNEu8rJ_mMLHQ=w180-h180-l90-rj,3:03 PM,しゃろう,"2月 23, 2022",614,"4 ● 3:03 PM しゃろう 2月 23, 2022 4 614 <10K"
2026-08-31,jp,Japan,top_shorts_songs_daily,20260726,5,https://yt3.googleusercontent.com/vMjo6Hfk7pZPrHh7KB_lo-nkP5wG-eKr6Q_wDgeAiMBudOarYYSOHISXE1zTH94Z47dSibClOxyX1YvxJA=w180-h180-s-l90-rj,夜の踴り子,魚韻,"8月 28, 2012",105,"5 2 夜の踊り子 魚韻 8月 28, 2012 3 105 <10K"
2026-08-31,jp,Japan,top_shorts_songs_daily,20260726,6,https://yt3.googleusercontent.com/jTa7GXscGZnmzWZDYYpmvYRy_gYGZQSP_COxCY-7wDt_7HTs37Bi-O313LdKc5qs2tuIVZNv0SGf-Jue=w180-h180-l90-rj,blue,yung kai,"8月 2, 2024",229,"6 6 blue yung kai 8月 2, 2024 - 229 <10K"
2026-08-31,jp,Japan,top_shorts_songs_daily,20260726,7,https://yt3.googleusercontent.com/tAh0b3-dx80iA1gGjvEij78w0xwsVl23-VpftL4lP3ZXghub-GgZkr3OW4Q_d3X792Sxv11o7imPb9as=w180-h180-s-l90-rj,おつかれSUMMER,halcali,,,おつかれSUMMER halcali
2026-08-31,jp,Japan,top_shorts_songs_daily,20260726,8,https://yt3.googleusercontent.com/EeBhpfMUmSdSNYuSRn3LUzg2I-5TMgTPlDf3tHgFV02KgzY1kyUESA-dIh5YulZ1NlZVdW1lV5Za8Rw=w180-h180-l90-rj,ちょっと楽しい,天野 七祈,"10月 27, 2014",225,"8 2 ちょっと楽しい 天野 七祈 10月 27, 2014 10 225 <10K"
2026-08-31,jp,Japan,top_shorts_songs_daily,20260726,9,https://yt3.googleusercontent.com/clwFNHaSR_HIJ87iSODiSkT135H8rFBWKLG3J5p6uModIApxycO3vYoRCsGOANbZcbPf51ljpGc8mKw=w180-h180-l90-rj,エアロピクルス,KomeAnime,,,エアロピクルス KomeAnime
2026-08-31,jp,Japan,top_shorts_songs_daily,20260726,10,https://yt3.googleusercontent.com/Gp9ahTd2nbKC6zcqR49QnYOFVyWXb36p1VzKJjaq0qbkI3IaZJQEjOvgAJBe2DIeTnB2NLCTcAJYtus=w180-h180-l90-rj,OBF,Joe Rikiichi,,,OBF Joe Rikiichi
2026-08-31,jp,Japan,top_shorts_songs_daily,20260726,11,https://yt3.googleusercontent.com/q9vnbwdvr4hWBB3Q80l83xzUn9LXXyW7TxArA1fGpHba57SrIo8C3VlcAycsJVc92IaAdZmU34ylfi_a=w180-h180-l90-rj,GG EZ,M.Sasuke,"5月 27, 2026",<10K,"11 2 GG EZ M.Sasuke 5月 27, 2026 9 25 <10K"
2026-08-31,jp,Japan,top_shorts_songs_daily,20260726,12,https://yt3.googleusercontent.com/0h_eAb6_2E5oQMoyrHiHpZHozd0nrwLgL8TRHdEqnHEmQKQv44PgOk1_AQb5llltdUBdfFV_vedCk-13=w180-h180-l90-rj,ぐだぐだな感じ,Yuki,"2月 3, 2015",203,"12 12 ぐだぐだな感じ Yuki 2月 3, 2015 - 203 <10K"
2026-08-31,jp,Japan,top_shorts_songs_daily,20260726,13,https://yt3.googleusercontent.com/pc4L4fZ3obMdnUDwE1Lg02mycMDrkI_JYHAfu_DDMYGgXAiKUkiwpxwwTEEO3Y_hP_rEowX7PGs_We-P=w180-h180-l90-rj,GUT GENUG (feat. Blumengarten & 希琳·大衛),KITSCHKRIEG,,,GUT GENUG (feat. Blumengarten & 希琳·大衛) KITSCHKRIEG
2026-08-31,jp,Japan,top_shorts_songs_daily,20260726,14,https://yt3.googleusercontent.com/CWX4YCTA0LaPNQstef6Z84h47u6BhwWy2EwpVJCUDAUegvGYIlOffZxMLFP-xarjDqRlJXtumCRbbwo=w180-h180-l90-rj,きらり,Fujii Kaze,"5月 2, 2021",<10K,"14 3 きらり Fujii Kaze 5月 2, 2021 11 6 <10K"
2026-08-31,jp,Japan,top_shorts_songs_daily,20260726,15,https://yt3.googleusercontent.com/6Ks1HBzt-dvLwo_nOBGvueMw7An7yX14n3Zf1TG67pI90G6W6AB8K4X3TZrADYF3iwzehgEV6CaWhqgv=w180-h180-l90-rj,mosi mosi?,楽音,"6月 12, 2026",<10K,"15 ● mosi mosi? 楽音 6月 12, 2026 15 90 <10K"
2026-08-31,jp,Japan,top_shorts_songs_daily,20260726,16,https://yt3.googleusercontent.com/XgS_SPt-MqOiGbJUk-lzy-I83kOKLhy0t486ZRYRABteg3g8QcCJcgaWAme0wYLxuESlbdv7lP5GoCQc=w180-h180-l90-rj,Brand New,Mrs. GREEN APPLE,,,Brand New Mrs. GREEN APPLE
2026-08-31,jp,Japan,top_shorts_songs_daily,20260726,17,https://yt3.googleusercontent.com/cVxZQGN7SXN-74WZ7AS4SOP9djTgFmur6TZUv7FSGXKAWIm2BS7kUezvW52Bhca4HhvN9JB1pJkxd8-Sqw=w180-h180-l90-rj,分かっちゃいないね (feat. 花隈千冬),monet,,,分かっちゃいないね (feat. 花隈千冬) monet
2026-08-31,jp,Japan,top_shorts_songs_daily,20260726,18,https://yt3.googleusercontent.com/F_g3-hPfox6ELZQ9PPDIjekl5PaxxHizEW-8mC3g2PxyL7FNg_31H0cHZN_JoYwJmIFGo1UJ39MDD9ueXQ=w180-h180-l90-rj,烏 - Raven,米津玄師,"6月 14, 2026",<10K,"18 4 烏 - Raven 米津玄師 6月 14, 2026 22 42 <10K"
2026-08-31,jp,Japan,top_shorts_songs_daily,20260726,19,https://yt3.googleusercontent.com/moXpr_lvHpb9m70jTjr-0GE63_VyHivgmyH7UPBJmgwWPHwwmvhxDPPZtdAhCFo7CdzmzIGwBE3cn4VuCQ=w180-h180-l90-rj,Dai Dai,Shakira / 伯納男孩,,,Dai Dai Shakira & 伯納男孩
2026-08-31,jp,Japan,top_shorts_songs_daily,20260726,20,https://yt3.googleusercontent.com/1d8Gx7JlDwFk0Z6cE_p6TJng_yLzXKFvznq953v5HM4mZPDta-2hdOcSEFfcXNa0THx_phJlcQsb-vDAyg=w180-h180-l90-rj,君のココロをハッキング (feat. REML),ki-you,,,君のココロをハッキング (feat. REML) ki-you
2026-08-31,jp,Japan,top_shorts_songs_daily,20260726,21,https://yt3.googleusercontent.com/OZMSZEkL4FpwomXdEgeAo-bNvLynzSY4FYly75n6tT-dGRwfU1s3MVHC6sJrXJyM3930amDkPKXrUN8=w180-h180-l90-rj,GOODKUN,Tesesaku,,,GOODKUN Tesesaku
2026-08-31,jp,Japan,top_shorts_songs_daily,20260726,22,https://i.ytimg.com/vi/1Z0ACURnv1g/default.jpg,MONTAGEM URANIUM (Slowed),ZAYLO,,,MONTAGEM URANIUM (Slowed) ZAYLO
2026-08-31,jp,Japan,top_shorts_songs_daily,20260726,23,https://i.ytimg.com/vi/T24rF_x0TmQ/default.jpg,ヤラララ (feat. 重音テト),AnythingBecomeMoe,,,ヤラララ (feat. 重音テト) AnythingBecomeMoe
2026-08-31,jp,Japan,top_shorts_songs_daily,20260726,24,https://yt3.googleusercontent.com/--dS0_9xMXyIFWStFbsQ0jah-zJzKj59hS4qg1kOFNSSbyJsRja0Unk_gmd3qjbRjRAO_EHbUdBQwaM=w180-h180-l90-rj,You!Joy!Parade!,M!LK,,,You!Joy!Parade! M!LK
2026-08-31,jp,Japan,top_shorts_songs_daily,20260726,25,https://yt3.googleusercontent.com/AwqCyUkDc0_sUDnbQmhEscOvR0mo1WHOq5ozyDREIWaE4UQRR81IlnH8EkHcISDPrq4Pq3qkaqJJE0Kt=w180-h180-l90-rj,ふたつの木馬 (feat. 初音未來),きくお,,,ふたつの木馬 (feat. 初音未來) きくお
2026-08-31,jp,Japan,top_shorts_songs_daily,20260726,26,https://yt3.googleusercontent.com/3RNsv7dNTYSBpuSWmpWM6PiYgQAaCXKvi8ION2AH2OaQHc-vW5-rJW4PqztU9XGaX-5z3sMc5RMTMc8n=w180-h180-l90-rj,It's Me,ILLIT,"4月 23, 2026",<10K,"26 6 It's Me ILLIT 4月 23, 2026 20 84 <10K"
2026-08-31,jp,Japan,top_shorts_songs_daily,20260726,27,https://www.youtube.com/s/charts/images/top_songs.png,DIGIDI DIGIDI,DJ.ILHAM,,,DIGIDI DIGIDI DJ.ILHAM
2026-08-31,jp,Japan,top_shorts_songs_daily,20260726,28,https://yt3.googleusercontent.com/F-HAYdu4My91_BPlrGhfflbiXHOshQN2AoyC253W5Tm2ebs6Nh7CgdoVzPlYK7nLMpX_JKOYg_h0SyyN_g=w180-h180-l90-rj,misery.,pupsies,"3月 18, 2026",<10K,"27 1 misery. pupsies 3月 18, 2026 28 10 <10K"
2026-08-31,jp,Japan,top_shorts_songs_daily,20260726,29,https://yt3.googleusercontent.com/dHTbd7oF2M_rxteofCOn8-rZcApFCjXMlGvVGQvfWoeL8uWMk-8hUS0Sm5b7KC4LM0Sl0XKfZF-gXnpMAQ=w180-h180-l90-rj,きらきら,nanaacom,"1月 26, 2025",<10K,"29 4 きらきら nanaacom 1月 26, 2025 25 64 <10K"
2026-08-31,jp,Japan,top_shorts_songs_daily,20260726,30,https://yt3.googleusercontent.com/mM-rL9pzqqLgb7unsOHbzodHTN3qaWjAQh8bOg9Z_sJxOEtPftkCG5bpdjVmnNEqP48I2Bkkf8I5b4nUag=w180-h180-l90-rj,Big Boom,DJ.ILHAM,,,Big Boom DJ.ILHAM
2026-08-31,jp,Japan,top_shorts_songs_daily,20260726,31,https://yt3.googleusercontent.com/dyLxPUZCbistjEiY9Udhq76Hjsp-peDkYAsuqZMjjMEH2BQ4RyV7Skpa2A_qAHXxOfaVfgR4DqNCPx-B=w180-h180-l90-rj,STARGAZING,RED EVIL JACK,,,STARGAZING RED EVIL JACK
2026-08-31,jp,Japan,top_shorts_songs_daily,20260726,32,https://yt3.googleusercontent.com/hBSqPlatfJQ4QNdP-VmbSUIOSjzn7eEf0umiWNTfRSjYMabzJrkRFeNpzW7FdR0DzGB6DoB6UwTx9lsr=w180-h180-l90-rj,It's okay now (feat. KAFU),MIMI,,,It's okay now (feat. KAFU) MIMI
2026-08-31,jp,Japan,top_shorts_songs_daily,20260726,33,https://yt3.googleusercontent.com/m-ZqSGoXFS4alfeGyHd9Rztp7GNtFWRKlr8gJ5qCJ5aaFWdxNcwA-P2h9HivYPEYdqMOXUr8GDVoudRyXQ=w180-h180-l90-rj,Delirious,Yoshimasa Terui,,,Delirious Yoshimasa Terui
2026-08-31,jp,Japan,top_shorts_songs_daily,20260726,34,https://yt3.googleusercontent.com/qziwPDf687hi8YbgMsj6ZejyYGyz2IjiDspt20Em2j9EHkVe1EzbVwHYKUZgq6NAt-Y4ykWqe4tBwJh4=w180-h180-l90-rj,Headlights (feat. KIDDO),Alok / 艾倫·沃克,,,Headlights (feat. KIDDO) Alok & 艾倫·沃克
2026-08-31,jp,Japan,top_shorts_songs_daily,20260726,35,https://yt3.googleusercontent.com/6UduEkejx-BNk54bRNT6VF63EpsrueamCorCZEP3k8JyvjkMJHqy2L9LONs0gx74TjK9N8LKG-su05Tz=w180-h180-l90-rj,しおざきわんだーらんど,M!LK,,,しおざきわんだーらんど M!LK
2026-08-31,jp,Japan,top_shorts_songs_daily,20260726,36,https://yt3.googleusercontent.com/yUy3L3aSCFlq55ksK9MZfE5ydSsMK9L9cRGMLtk5nP7LlZQ0OKMtN4ozRxV-b7z3otvlYxPHY8NNL6ZCng=w180-h180-l90-rj,Missing,BE:FIRST,,,Missing BE:FIRST
2026-08-31,jp,Japan,top_shorts_songs_daily,20260726,37,https://yt3.googleusercontent.com/bxZg8unDv1TrCk_T1snyipOtY6Xju45-uY3WFVYE2icyinNHnN5lqI8BK2tz4vneZ9hrtCJ7jZpbxfg=w180-h180-l90-rj,MONTAGEM ONE MORE GAME,DJ KVNXD,,,MONTAGEM ONE MORE GAME DJ KVNXD
2026-08-31,jp,Japan,top_shorts_songs_daily,20260726,38,https://yt3.googleusercontent.com/LVj59YAK2xFO17WYMrFE_kGeOLhMnSTvhjFkCb5ZIZeNSowzzkqPdCX04CeDLK49x2gK1B88ZMKCVaU=w180-h180-l90-rj,Summer,久石讓,"5月 26, 1999",<10K,"36 36 Summer 久石讓 5月 26, 1999 - 5 <10K"
2026-08-31,jp,Japan,top_shorts_songs_daily,20260726,39,https://yt3.googleusercontent.com/IpkyLNcDaD_4ttMroN5IWW-dnrPNdkBEuXr1BpufdI956fGgRZC5TAounR7kO90OTypkrgyxvf4wVJLD=w180-h180-l90-rj,キュートなキューたい,CUTIE STREET,,,キュートなキューたい CUTIE STREET
2026-08-31,jp,Japan,top_shorts_songs_daily,20260726,40,https://yt3.googleusercontent.com/kc4o_Zvcp_ws5lvafX-NWBVx3v_IK8gWYa5pwDC_Yor1bj243_03zy-DpPHIGg0sOUuYZGi8PxyYTQBK=w180-h180-s-l90-rj,夏の思い出,決明子,"12月 20, 2000",<10K,"39 1 夏の思い出 決明子 12月 20, 2000 40 14 <10K"
2026-08-31,jp,Japan,top_shorts_songs_daily,20260726,41,https://yt3.googleusercontent.com/NYwHOs02uFXmTKNAo9y-wBdJtyWdTeEHza_X_6MAqJWf0KCpMVVs9DVkBOmELW4RzikTGf8at64oiMs=w180-h180-l90-rj,Let's Go,JAXSON GAMBLE,,,Let's Go JAXSON GAMBLE
2026-08-31,jp,Japan,top_shorts_songs_daily,20260726,42,https://yt3.googleusercontent.com/bSVUJP9dJFdv2p3xSCuygYl2f54Es4QEHBBhAuE5N4iJ6TlYc3XO_1BmDiCvSe1ls8ryJYF8kZfIQnQH=w180-h180-l90-rj,Pretty Little Baby,Connie Francis,,,Pretty Little Baby Connie Francis
2026-08-31,jp,Japan,top_shorts_songs_daily,20260726,43,https://yt3.googleusercontent.com/ms_qNlQVq9c4PfqYFQs0p1R3gH3cBS4-fo_KybOtObNjqzcy_A4UBd56UKm5VOJmdD9wSbQJKkKytKPK=w180-h180-l90-rj,matrix (bl studio loop) (slowed),chrmbchrmb,,,matrix (bl studio loop) (slowed) chrmbchrmb
2026-08-31,jp,Japan,top_shorts_songs_daily,20260726,44,https://yt3.googleusercontent.com/zSJKMSJjsHQitxL-2vEEOshyb52NWoImoKx8WI5CzDvpoqnd_cv3qcjdQlGupEbL0gWTwn56Vu28sSk=w180-h180-l90-rj,Golden Brown,The Stranglers,,,Golden Brown The Stranglers
2026-08-31,jp,Japan,top_shorts_songs_daily,20260726,45,https://yt3.googleusercontent.com/mAcYFAYlVNF6OH88-ogup6VoNV89Lxhz6FTG6j6wDuRmeSeDjK4KO2IT5NQS2s-YUVd-b-JdOPKVb1E=w180-h180-l90-rj,You've Got a Friend in Me,蘭迪·紐曼,,,You've Got a Friend in Me 蘭迪·紐曼
2026-08-31,jp,Japan,top_shorts_songs_daily,20260726,46,https://yt3.googleusercontent.com/qcLcJq_zK3B_m6RyvGyykUPd0LTHOYNd6N0Xy1pzvYUJ86d4Bdx-SLju6xjCSnulhPACmJg7845w7JVd=w180-h180-l90-rj,Atomic,SEFO / Bagagee Viphex13 / Moshee / Poy / LOKI / HAENA,,,"Atomic SEFO , Bagagee Viphex13 , Moshee , Poy , LOKI & HAENA"
2026-08-31,jp,Japan,top_shorts_songs_daily,20260726,47,https://yt3.googleusercontent.com/MyjxHP_M5Gj6glDTCuNyNcX6F4MUUAWxCXeT10fSgbaMed8IHg6soqiMLjif_n92j_eDQxZoRMMV_Iaw=w180-h180-l90-rj,Atlantis,海霧樂團,"3月 26, 2015",<10K,"45 5 Atlantis 海霧樂團 3月 26, 2015 50 47 <10K"
2026-08-31,jp,Japan,top_shorts_songs_daily,20260726,48,https://yt3.googleusercontent.com/GSgEpynd_ymc80kGPGglkjlyzFnM9BaMCGFz7ORgGxXTxNHj-5D2nAq-N1AVo0lXKAxoEr6p0cmez-SXdA=w180-h180-l90-rj,FUNK ABNORMAL (SLOWED),DJ V12 / SXID,,,FUNK ABNORMAL (SLOWED) DJ V12 & SXID
2026-08-31,jp,Japan,top_shorts_songs_daily,20260726,49,https://yt3.googleusercontent.com/QPdhNGXJMW2yIKMoEPYW7oAav-7MAL11sdOgeqkPBnUBAXFmbwy37xdjg1_SEStTQn9ObBtAnYWjxRhS=w180-h180-l90-rj,MONTAGEM PEGADORA (Slowed),Rubikdice / Chilx / WAA,,,"MONTAGEM PEGADORA (Slowed) Rubikdice , Chilx & WAA"
2026-08-31,jp,Japan,top_shorts_songs_daily,20260726,50,https://yt3.googleusercontent.com/g4MG6_luJuaDW0rVJ_LYZx9FSYQ89XyhqcGXgVZ0VCr7xj14MBcpNgwuKGwPS6k3sOWASSNZfYFc1DTTWA=w180-h180-l90-rj,Terranova (Pandera Airplay edit),Janina,,,Terranova (Pandera Airplay edit) Janina
2026-08-31,jp,Japan,top_shorts_songs_daily,20260726,51,https://yt3.googleusercontent.com/JxxDWR1x97_thwjca07yE9T4HsgjakMRzU5RhT59JZbvlYXRne8ubv7DqsnfpEJsbWLQLNlUZaGromJg=w180-h180-l90-rj,BRAWL SWAG FUNK,CHXLE,,,BRAWL SWAG FUNK CHXLE