captured_date,market,market_name,chart,period_suffix,rank,image_url,video_url,primary_name,secondary_name,release_date,metric_value,raw_text
2026-10-08,in,India,top_songs_weekly,,1,https://yt3.googleusercontent.com/Arv93jzh4R-cY1yEusDzcPCZzUuSIpHiyggsYeR38hdWXtkKvx9TIyvR3R6G9YYry7kVe349VDwvVcLB=w180-h180-l90-rj,,Parvati,Sadhu Tiwari,,,Parvati Sadhu Tiwari
2026-10-08,in,India,top_songs_weekly,,2,https://yt3.googleusercontent.com/naKgO_9vvIczuf7Vq1llQyRAQOOW898kBZN3pio-Bkbfcmdu3Gv14_ivEBZiHAow8VbPEq1bhO0j2DU=w180-h180-l90-rj,,KALYANI (Remix),ARJN / KDS / FIFTY4 / Shreya Ghoshal,,,"KALYANI (Remix) ARJN , KDS , FIFTY4 & Shreya Ghoshal"
2026-10-08,in,India,top_songs_weekly,,3,https://yt3.googleusercontent.com/WDXRUHOAdSgW_CUGvGFrK4AlHBn-M4-DTkh_oYwAY_NN7tjO1-P-cwPq-xefOMgd-xcN9KRWZCGgnQ=w180-h180-l90-rj,,Yeshanagula,Singer Prabha / Jangi Reddy / Anirudh Ravichander / Kasarla Shyam,,,"Yeshanagula Singer Prabha , Jangi Reddy , Anirudh Ravichander & Kasarla Shyam"
2026-10-08,in,India,top_songs_weekly,,4,https://yt3.googleusercontent.com/hO1vhQ9x9uRGqUlyHhl3LLJmisP23o6mAMuO6yXc77q2r8tnH8vhIGfPgXE95pJ1dp5xylHfoN0--4qk=w180-h180-l90-rj,,Casa Tupka Anthemo (feat. Priyanshi Srivastava),Yo・Yo・哈尼・辛,,,Casa Tupka Anthemo (feat. Priyanshi Srivastava) Yo・Yo・哈尼・辛
2026-10-08,in,India,top_songs_weekly,,5,https://yt3.googleusercontent.com/7_06KmE85Uk8mngpR0_lw_zf9qqmsN9rW1xTF57d9DegptGKJ9Qw_r6Xdi26OnXy7NxdiWbPqusEQ2W2xA=w180-h180-l90-rj,,Barsaat,Banjaare / Roni,,,Barsaat Banjaare & Roni
2026-10-08,in,India,top_songs_weekly,,6,https://yt3.googleusercontent.com/NtHXUC67XhMBVy07_VPG6PqLoPKkcO1IUXRBVrscSMMg7Ub94aYMJpwfNgY8G2pwJaOezv8_x5wJ2cD5eA=w180-h180-l90-rj,,Ashke,Karan Aujla,,,Ashke Karan Aujla
2026-10-08,in,India,top_songs_weekly,,7,https://yt3.googleusercontent.com/be_gE5Va2RF56pIw3g-AbSsm7-X4VApfbuR5YsRhAzF3NR-adNGyAlB1L7AFJSgytnqXtBd9-E3Is_Kx=w180-h180-l90-rj,,Basinga Balaalu,Swamy Naresh / Srinidhi Nerella / Kalyan Keys,,,"Basinga Balaalu Swamy Naresh , Srinidhi Nerella & Kalyan Keys"
2026-10-08,in,India,top_songs_weekly,,8,https://yt3.googleusercontent.com/whlIw9-DTRE2_pUZm7v6Hmbyr0AQxZrHEL2DeNKnsCOFtUfRhY2QO0OCrCmcQEiqMvqC4Tu0ERjsYyKoJA=w180-h180-l90-rj,,Mallepoola Pallaki,G.V. Prakash Kumar / Dappu Srinu,,,Mallepoola Pallaki G.V. Prakash Kumar & Dappu Srinu
2026-10-08,in,India,top_songs_weekly,,9,https://yt3.googleusercontent.com/7Zsektrtwnf2UlL5CWGtSxi8JDfT8h4me73j31Mk-bDe5qbfUz7dtt1MUy-QlwkaGBWaIXucHF-r2KiCUQ=w180-h180-l90-rj,,Shararat,Shashwat Sachdev / Madhubanti Bagchi / Jasmine Sandlas,,,"Shararat Shashwat Sachdev , Madhubanti Bagchi & Jasmine Sandlas"
2026-10-08,in,India,top_songs_weekly,,10,https://yt3.googleusercontent.com/nZevbUEupxBKmJ3VR6f4rdlYv5Tr53yVHws35zJg9JId6uuBAHgEeRDmf87DcEQkLCJFSHN31BLjYJE=w180-h180-l90-rj,,Aaya Sher,Anirudh Ravichander / Jangi Reddy / Arjun Chandy / Kasarla Shyam,,,"Aaya Sher Anirudh Ravichander , Jangi Reddy , Arjun Chandy & Kasarla Shyam"
2026-10-08,in,India,top_songs_weekly,,11,https://yt3.googleusercontent.com/B1p2-JcIuomNuey91o6bvshtrtw2gr0pH1bIviJxDqNZiT9et79lCgY4-pU-6FhVNWbi9FrnOtJ35t8=w180-h180-l90-rj,,Gehra Hua,Shashwat Sachdev / Arijit Singh / Irshad Kamil / Armaan Khan,,,"Gehra Hua Shashwat Sachdev , Arijit Singh , Irshad Kamil & Armaan Khan"
2026-10-08,in,India,top_songs_weekly,,12,https://yt3.googleusercontent.com/-xIGPJ23fEouELAG_6_J7zOJ0NodoNOSmB-vHkZcJghJlQvmGHrHEtrFLN28jFGYRrAnyaOY7UfZ12ma=w180-h180-l90-rj,,Irumudi Kattu,G.V. Prakash Kumar / Ananthu / Shiva Nirvana / Kalyan Chakravarthy Tripuraneni,,,"Irumudi Kattu G.V. Prakash Kumar , Ananthu , Shiva Nirvana & Kalyan Chakravarthy Tripuraneni"
2026-10-08,in,India,top_songs_weekly,,13,https://yt3.googleusercontent.com/fQQQd_5ekiUbYRth6Yf7ZmkgS7Mf-VmxRCyqPpef-KgJVqISZqDKpjjU3zvfDVh9qr03MxPChTiYHyg=w180-h180-l90-rj,,Neno Butterfly,G.V. Prakash Kumar / Sublahshini,,,Neno Butterfly G.V. Prakash Kumar & Sublahshini
2026-10-08,in,India,top_songs_weekly,,14,https://yt3.googleusercontent.com/whlIw9-DTRE2_pUZm7v6Hmbyr0AQxZrHEL2DeNKnsCOFtUfRhY2QO0OCrCmcQEiqMvqC4Tu0ERjsYyKoJA=w180-h180-l90-rj,,YAALALO YAALALO,G.V. Prakash Kumar / Hesham Abdul Wahab / Sadhika K R / Anantha Sreeram,,,"YAALALO YAALALO G.V. Prakash Kumar , Hesham Abdul Wahab , Sadhika K R & Anantha Sreeram"
2026-10-08,in,India,top_songs_weekly,,15,https://yt3.googleusercontent.com/A667T2OTEymETx2otXC-2lz-70xIte4LXr-I8TeKNO-h0eV1u3aVaXfjlPcUXe1b4b5UTiVGlV2U9znB=w180-h180-l90-rj,,Endhayya Saami,Shweta Mohan / Ajay Gogavale / Ramajogayya Sastry,,,"Endhayya Saami Shweta Mohan , Ajay Gogavale & Ramajogayya Sastry"
2026-10-08,in,India,top_songs_weekly,,16,https://yt3.googleusercontent.com/YpHZO1DBcGPbgywaeckHbkkiI-b4OetQDJnQtCM--usqBrKljB-9uXax23i3hHI-PiTlyyHLBdYScSeGRQ=w180-h180-l90-rj,,Radhimaa,Sai Abhyankkar / Nargis Teji / Asma Teji / Vivek / Sai Smriti,,,"Radhimaa Sai Abhyankkar , Nargis Teji , Asma Teji , Vivek & Sai Smriti"
2026-10-08,in,India,top_songs_weekly,,17,https://yt3.googleusercontent.com/LF_Gw__z3R6L4Mbz1cW7RDKXYiNcYTxBR2QrrWk0gXgUDhv9uOx01XLtvlmf4PGBISXNIlp2r0XxLU_2=w180-h180-l90-rj,,Bairan,Banjaare,"1月 23, 2026",10521602,"17 1 Bairan Banjaare 1月 23, 2026 16 30 10,521,602"
2026-10-08,in,India,top_songs_weekly,,18,https://yt3.googleusercontent.com/HXBIgIEFaSYmyLdP_3t8WYbPimxk1PpxJF0k9VY6ZCXzeEbiT-tuKxJbUU36R_OtYyWlFHYETEneMhd2=w180-h180-l90-rj,,Ishq de Fanniyar,Jyotica Tangri,,,Ishq de Fanniyar Jyotica Tangri
2026-10-08,in,India,top_songs_weekly,,19,https://yt3.googleusercontent.com/TrshWIhdbsgtW5MtqxGYDATm5OVMGdXRBe6HFSW7lhgwGI_XqzXP4QEmOwOjgaKX6iwBgg5GJP8TbnI=w180-h180-l90-rj,,Vaaroon Forever,阿南德·巴斯卡爾 / Romy / Shreya Ghoshal / Ginny Diwan,,,"Vaaroon Forever 阿南德·巴斯卡爾 , Romy , Shreya Ghoshal & Ginny Diwan"
2026-10-08,in,India,top_songs_weekly,,20,https://yt3.googleusercontent.com/OotE8xDKqeutvwDbJja54xdhYmC0eH5qKhaH-icvoPAuAC4flbqL90_LVKN0ltB8Ycoh7-q6za6pxaFv=w180-h180-l90-rj,,Boom Shaka,KR$NA / Dhanda Nyoliwala,,,Boom Shaka KR$NA & Dhanda Nyoliwala
2026-10-08,in,India,top_songs_weekly,,21,https://yt3.googleusercontent.com/0Op0Fx0S1C5pJhm0QrARCZ_R-7YzHk9q47bKwpAl-cVLj4sR2zUeJyjFz7NrZdRE3zefz6nmqBtDi8BZ=w180-h180-l90-rj,,Barbadi Hoi,Shilpi Raj,,,Barbadi Hoi Shilpi Raj
2026-10-08,in,India,top_songs_weekly,,22,https://yt3.googleusercontent.com/JXVAUSzi2vxkPX8p6DlfrOf9vgOP2pqW_M6rXKT6LT5dR8cUwsquw84see1tJdMEh2JBb4zcG1kxpRKf=w180-h180-l90-rj,,Pavazha Malli (Unplugged),Sai Abhyankkar / Shruti Haasan / Vivek,,,"Pavazha Malli (Unplugged) Sai Abhyankkar , Shruti Haasan & Vivek"
2026-10-08,in,India,top_songs_weekly,,23,https://yt3.googleusercontent.com/jm8eCdG8nXSZf_GCozvo4hjFs1IHiKzdIoDJmj70xIgMnj5BkX93BaFmqP1LZK_oytR1KngKuZ5edqoM=w180-h180-l90-rj,,Alfaaz,Hamza Malik / Zain Zohaib,,,Alfaaz Hamza Malik & Zain Zohaib
2026-10-08,in,India,top_songs_weekly,,24,https://yt3.googleusercontent.com/VXvhnTchlwLyN7tSWbOdrDbJD6Dcj5vOXMo6IIMbqkOY7yyOnsx0aKl6vCrW_V0BTqSoeblrsxrV3FD6=w180-h180-l90-rj,,गुज़ारिश,Satinder Sartaaj,,,गुज़ारिश Satinder Sartaaj
2026-10-08,in,India,top_songs_weekly,,25,https://yt3.googleusercontent.com/0pkwx8J4M_khsEmw8i-TJ4NvEmi-OD5pjbdIvAmFroWRPgBp5_P4tDCAcThJ4XnGh3k2DaKp_jeIGjx7=w180-h180-l90-rj,,Jaiye Sajana,Shashwat Sachdev / Satinder Sartaaj / Jasmine Sandlas,,,"Jaiye Sajana Shashwat Sachdev , Satinder Sartaaj & Jasmine Sandlas"
2026-10-08,in,India,top_songs_weekly,,26,https://yt3.googleusercontent.com/qSLRDoW9xku1Tn0g5cH-1Xfw4NF7HjSdPU8j0rfsNoPSl3r5TN-5OEC8g8mF_I1TbpxDDMZp4t_mlE6y=w180-h180-l90-rj,,Sheesha (Aakhya Mai Aakh Ghali Jo Bairan),Mitta Ror / Swara Verma,,,Sheesha (Aakhya Mai Aakh Ghali Jo Bairan) Mitta Ror & Swara Verma
2026-10-08,in,India,top_songs_weekly,,27,https://yt3.googleusercontent.com/eSK3WzdRN3lAHHClENue81v80u-sRkqqlocIIDK6sMoW4erRTjyp4I6NuVIsgoY2zOapKzE85X2b1p62=w180-h180-l90-rj,,Tera Mera Rishta,Mithoon / Pritam / Mustafa Zahid / Sayeed Quadri / Saaj Bhatt / Subodhh Sharma,,,"Tera Mera Rishta Mithoon , Pritam , Mustafa Zahid , Sayeed Quadri , Saaj Bhatt & Subodhh Sharma"
2026-10-08,in,India,top_songs_weekly,,28,https://yt3.googleusercontent.com/UiiblCTpGyk9jYCczdZ75PYZxykG18LLsILY3ckW1u140MmO1w5qKlVBIOW7lartvpNC7eAkZDhCUygN=w180-h180-l90-rj,,Fortuner (feat. Gulshan Music & Jaat Nia),Raj Mawar / Ruchika Jangid,,,Fortuner (feat. Gulshan Music & Jaat Nia) Raj Mawar & Ruchika Jangid
2026-10-08,in,India,top_songs_weekly,,29,https://yt3.googleusercontent.com/S4Gba16i231lcEJt7XytyVqjh7VNBEgwXdTHDIo2xYo5CywedkRiWXH2JgArOHZTN8D5VVJcBaO-Jgi3Ew=w180-h180-l90-rj,,Afsaana Banaaya Aapne,Himesh Reshammiya / Asees Kaur,,,Afsaana Banaaya Aapne Himesh Reshammiya & Asees Kaur
2026-10-08,in,India,top_songs_weekly,,30,https://yt3.googleusercontent.com/YTlIAf6f43luMspNmyCuNpu2Lfae-6JBH_1O12HfJAJhhZotSr1igU__0B34rUqptu99U3KEpKA5i14=w180-h180-l90-rj,,Kabze,Bintu Pabra / Shiva Choudhary / Sihag Muzik,,,"Kabze Bintu Pabra , Shiva Choudhary & Sihag Muzik"
2026-10-08,in,India,top_songs_weekly,,31,https://yt3.googleusercontent.com/79gpj2pVDDdLKYfL2LQhdnCZathT5vaJH1JotcFaOx_vDp7WfU23qLtlj6zanzei4xWamofBa2pOwbp8zg=w180-h180-l90-rj,,Ghostface Killah,Sidhu Moose Wala / Mxrci,,,Ghostface Killah Sidhu Moose Wala & Mxrci
2026-10-08,in,India,top_songs_weekly,,32,https://yt3.googleusercontent.com/h86CrhB0x2rZNf6CfRh0Kq4xXuasxQQkIGPJbCfmoEuIygvgas8Q07CL3moyU8xI9Z9Sndy-MnNG7sc=w180-h180-l90-rj,,Mithe Tere Bol Pari,Masoom Sharma / Pranjal Dahiya / Aman Jaji,,,"Mithe Tere Bol Pari Masoom Sharma , Pranjal Dahiya & Aman Jaji"
2026-10-08,in,India,top_songs_weekly,,33,https://yt3.googleusercontent.com/9ejQki8p5r46B0jGiMa7talsLlmp-W0oAM6Vu8CoSQjcCxcj39RceRHfS-E86H-czomzbv429pxHrCxB=w180-h180-l90-rj,,Karuppa Kooda Va,Sai Abhyankkar / V.M. Mahalingam,,,Karuppa Kooda Va Sai Abhyankkar & V.M. Mahalingam
2026-10-08,in,India,top_songs_weekly,,34,https://yt3.googleusercontent.com/fUF_GUHC_W-GqgAKtqVOiSQV7PbGYhI4M27jSrtgqp6FZYfkoSh4ZSCcwbFH-hXcnf-xjNrZCQOG6g_m=w180-h180-l90-rj,,Afghan Jalebi (Ya Baba),Asrar Shah,,,Afghan Jalebi (Ya Baba) Asrar Shah
2026-10-08,in,India,top_songs_weekly,,35,https://yt3.googleusercontent.com/4gX_llVUAfGBStEzuQrsvwW5IJ8ONtJywxLpRFpeLZpC2gqyY3Vz3yc0XHn-tSQ99Ve8-M_Thwic3Gguxw=w180-h180-l90-rj,,Pesamale,Siri Xander / Arra Aria Khayal,,,Pesamale Siri Xander & Arra Aria Khayal
2026-10-08,in,India,top_songs_weekly,,36,https://yt3.googleusercontent.com/U15AdXEtMimNFYJkNrs_0NJnnQTeeG-t6wZk7FaNuvlAb-zylhUhNj8mpY79KpUTrMneXCz3ZJeZbR5D1Q=w180-h180-l90-rj,,Nach Nagin Jaisan,Raushan Rohi / Khushi Kakkar,,,Nach Nagin Jaisan Raushan Rohi & Khushi Kakkar
2026-10-08,in,India,top_songs_weekly,,37,https://yt3.googleusercontent.com/uzfTAu64E4d7zsoQHAd2sOX24RIYd5jYeaX3B_STbS0lk0X_cxrTquiFmZEU3khp6WwtTFrrmEEiaEg=w180-h180-l90-rj,,Khat,Navjot Ahuja,,,Khat Navjot Ahuja
2026-10-08,in,India,top_songs_weekly,,38,https://yt3.googleusercontent.com/ZJVrXso4bM3pdVhI782w_ZWjI-GGSvAfizmg-smr64xWW9M4fuiQifL1UWvD9eGf_dtCrXVJXQL4Qhij=w180-h180-l90-rj,,Mutta Kalakki,G.V. Prakash Kumar / Ken Karunaas,,,Mutta Kalakki G.V. Prakash Kumar & Ken Karunaas
2026-10-08,in,India,top_songs_weekly,,39,https://yt3.googleusercontent.com/CoRGQY0iKFcMW8L6w5rfREKGXhpTmfcjv-vnTw2oLVsSZbnKp5WWxx-HAyU0N_a-wJdvlgvGr_25DC6Q=w180-h180-l90-rj,,Sanson ki Mala (Live),Madhur Sharma,,,Sanson ki Mala (Live) Madhur Sharma
2026-10-08,in,India,top_songs_weekly,,40,https://yt3.googleusercontent.com/klHyWoNuDYa65qFIoc0ID6f6Lj8oxxcCQI4983gP2RdxtXlV-BYvyILQBOtzk1cTUhOt5sWU7q_zQgA=w180-h180-l90-rj,,आएगा मज़्ज़ा बरसात का,Alka Yagnik / Babul Supriyo,,,आएगा मज़्ज़ा बरसात का Alka Yagnik & Babul Supriyo
2026-10-08,in,India,top_songs_weekly,,41,https://yt3.googleusercontent.com/F_zOOpQrlMOrIT50KDXGX54temlvXtXhWM-9e6TBAxCSP-F_Tt8bxONr5jBN7UwvoCwUifR0xph_QQeX=w180-h180-l90-rj,,Alaakaa Loova,Sai Abhyankkar / Rokesh,,,Alaakaa Loova Sai Abhyankkar & Rokesh
2026-10-08,in,India,top_songs_weekly,,42,https://yt3.googleusercontent.com/x33XHcC2BmdM9OVeS6p5_2euffqGDPvXck_aXVJ2JVVgSGNfo8CGAZRow41XMKuqO9PKQd7k_IME0EtP=w180-h180-l90-rj,,Kalyana Virundhu,Ilaiyaraaja / Yugendran Vasudevan / 安東尼·達桑 / Priya Jerson,,,"Kalyana Virundhu Ilaiyaraaja , Yugendran Vasudevan , 安東尼·達桑 & Priya Jerson"
2026-10-08,in,India,top_songs_weekly,,43,https://yt3.googleusercontent.com/XyfX9nbleH_JvN3kU-z3mG_eTIPlCvN7-bTT8_WZBwztq2JgkLajTSz3o97rAkmpFEWKdzDiE_T_bkLZfQ=w180-h180-l90-rj,,Chhathi Maiya,Vishal Mishra / Kaushal Kishore,,,Chhathi Maiya Vishal Mishra & Kaushal Kishore
2026-10-08,in,India,top_songs_weekly,,44,https://yt3.googleusercontent.com/ei_DHKmt4_iAuHKLJnUAxvYFjFMPX0dpLcILLsaE3lQJJdO6QELmv67aRPJh2mKv5XjbjkZ3qQaFMvCEgQ=w180-h180-l90-rj,,Udaarian,Satinder Sartaaj,,,Udaarian Satinder Sartaaj
2026-10-08,in,India,top_songs_weekly,,45,https://yt3.googleusercontent.com/Prmu6sHyfxOnjdohuQ3zgvcrGr5cEvv5WDRBzIO_8ZiFbCAETO8r6Pr1U0HKdu4BVZSLYW0jU9SFwNW1=w180-h180-l90-rj,,Aura 10/10,Hiphop Tamizha,,,Aura 10/10 Hiphop Tamizha
2026-10-08,in,India,top_songs_weekly,,46,https://yt3.googleusercontent.com/BzOBERVwxHIkVDpePVN8mnT0MID3cySSHcZvY84FHusBL78dxkdpWBBk8o4O5e8BaenNlHKlI9fWb_Rccw=w180-h180-l90-rj,,Boyfriend,Karan Aujla / Ikky,,,Boyfriend Karan Aujla & Ikky
2026-10-08,in,India,top_songs_weekly,,47,https://yt3.googleusercontent.com/0pkwx8J4M_khsEmw8i-TJ4NvEmi-OD5pjbdIvAmFroWRPgBp5_P4tDCAcThJ4XnGh3k2DaKp_jeIGjx7=w180-h180-l90-rj,,Jaan Se Guzarte Hain,Khan Saab / Shashwat Sachdev / Nusrat Fateh Ali Khan,,,"Jaan Se Guzarte Hain Khan Saab , Shashwat Sachdev & Nusrat Fateh Ali Khan"
2026-10-08,in,India,top_songs_weekly,,48,https://yt3.googleusercontent.com/NnmFTm_76YyUwVidT2WbyooIslLM5LwKBUnoROz_M6E-s5cuounVKOpiAseEm1wKOyOTuk9Zztd1bQx0=w180-h180-l90-rj,,80 Lakh,D Naveen / Shiva Choudhary / Sweta Chauhan,,,"80 Lakh D Naveen , Shiva Choudhary & Sweta Chauhan"
2026-10-08,in,India,top_songs_weekly,,49,https://yt3.googleusercontent.com/XvvdvvJF54vqL_1FSspuGguIKMMz5OhyhXMRls0jrBra5OcVujKFCHdI-hKxtnwbO-v-lDKdPmSUD_h33w=w180-h180-l90-rj,,Sitaare,Arijit Singh / Shruti Dhasmana,,,Sitaare Arijit Singh & Shruti Dhasmana
2026-10-08,in,India,top_songs_weekly,,50,https://yt3.googleusercontent.com/xvZmFbFxEYsP8AftsJMnoCjIoDYqypB6w4LjNqVbMp6VvFI8ESzXP2QD9ss65s4dlXkVUGsriV-NZGrV=w180-h180-l90-rj,,No Snitching,Vin WRLD / Harshit Rao,,,No Snitching Vin WRLD & Harshit Rao
2026-10-08,in,India,top_songs_weekly,,51,https://yt3.googleusercontent.com/kIG_Ks5fsPd9dHNttIv9_v-LG4y_3T-C97N-LQbahylnlmxJuXbYJkE57-XHnqLgFRAAT6gvlbMOJ6Y8=w180-h180-l90-rj,,Aarzu,Noor / Khan / Madhurxo,,,"Aarzu Noor , Khan & Madhurxo"
2026-10-08,in,India,top_songs_weekly,,52,https://yt3.googleusercontent.com/lFG9iRatC9aigumiOGY2CH7zJkfoTXenuf8IQc5ds8EVwIw4JCKPkFlRCNAMYRCBU5ExWlS-zN_37jM=w180-h180-l90-rj,,Lehanga Lahke Lahke,Pawan Singh / Shilpi Raj,,,Lehanga Lahke Lahke Pawan Singh & Shilpi Raj
2026-10-08,in,India,top_songs_weekly,,53,https://i.ytimg.com/vi/Owv1GBWXkwY/default.jpg,https://www.youtube.com/watch?v=Owv1GBWXkwY,Kaho Na Kaho,阿米爾·賈馬爾,,,Kaho Na Kaho 阿米爾·賈馬爾
2026-10-08,in,India,top_songs_weekly,,54,https://yt3.googleusercontent.com/F-kb9y6rvK5cQ4TcJJFCilAijhijFRFB2m_zSo5qZU8jxRtWNKeFZNTZ3yk-X3i5ppNE00uxqwNbGzUD=w180-h180-l90-rj,,Narayanamma,Singer Prabha / Ram Miriyala,,,Narayanamma Singer Prabha & Ram Miriyala
2026-10-08,in,India,top_songs_weekly,,55,https://yt3.googleusercontent.com/wT9OeYXVuf7P5mzjgOtZdAu9-872PnURnveIB6AiRoroHzlAFz2_6pMxk3XKgGuRWwCtJpn5Hkx0Ag=w180-h180-l90-rj,,Nallaru Po,Sai Abhyankkar / Tippu / Mohit Chauhan / Vivek,,,"Nallaru Po Sai Abhyankkar , Tippu , Mohit Chauhan & Vivek"
2026-10-08,in,India,top_songs_weekly,,56,https://yt3.googleusercontent.com/1gYyxGSjJ4Rkbu21xa9hDKkWTkjl6eeQtVigbNkNC9fEGhWxkHqCetDdGD5Kf-o71JB0vfKgJO_L7as=w180-h180-l90-rj,,Saanson Ko,Shaarib Toshi / Arijit Singh,,,Saanson Ko Shaarib Toshi & Arijit Singh
2026-10-08,in,India,top_songs_weekly,,57,https://i.ytimg.com/vi/4n4jH9ZuJ-Q/default.jpg,https://www.youtube.com/watch?v=4n4jH9ZuJ-Q,तोरा लेखा बदमाश के मुआ दी खेसरिया धांस के,Tuntun Yadav,,,तोरा लेखा बदमाश के मुआ दी खेसरिया धांस के Tuntun Yadav
2026-10-08,in,India,top_songs_weekly,,58,https://yt3.googleusercontent.com/uQ9EOP2orkMGxZT5Fe5-Rg9u2nLmhcH7pMFklHbhD9EwgS0u9gQokcZEDBuDBcfWD1zYuZf-mfmWE9A=w180-h180-l90-rj,,Jai Jai Ram,Shreya Ghoshal / Arijit Singh / Kumar Vishwas,,,"Jai Jai Ram Shreya Ghoshal , Arijit Singh & Kumar Vishwas"
2026-10-08,in,India,top_songs_weekly,,59,https://yt3.googleusercontent.com/WdIioWInKgCbBKoGLrHIKMZnrZP_9drHR7DEicz03z2bv3aq99eFxTV2LeAJWH5UOAQDH2ssylClN-evtQ=w180-h180-l90-rj,,Aashiq Banaya Aapne,Himesh Reshammiya / Shreya Ghoshal,,,Aashiq Banaya Aapne Himesh Reshammiya & Shreya Ghoshal
2026-10-08,in,India,top_songs_weekly,,60,https://yt3.googleusercontent.com/t3GXDvOjTppLsJ4pbHUIi-VhALz6I4tvMg7S0ipo1Lu1Wvf1PK79jLc3cbyGYaBgybU5v2VTPZM7TPWT=w180-h180-l90-rj,,Asalayavale,傑克斯·貝喬 / Sid Sriram / Mohammed Maqbool Mansoor / Muthu,,,"Asalayavale 傑克斯·貝喬 , Sid Sriram , Mohammed Maqbool Mansoor & Muthu"
2026-10-08,in,India,top_songs_weekly,,61,https://yt3.googleusercontent.com/Sy5aHXoupg1z65TzI5zje6m4pu8DWnPG9ZdNUq3hh4IAA70_GXDzK_oZqoUuFnIQ_B_locnWIveIrN6f=w180-h180-l90-rj,,Katto Gilehri,Daler Mehndi / Mamta Sharma,,,Katto Gilehri Daler Mehndi & Mamta Sharma
2026-10-08,in,India,top_songs_weekly,,62,https://yt3.googleusercontent.com/NtHXUC67XhMBVy07_VPG6PqLoPKkcO1IUXRBVrscSMMg7Ub94aYMJpwfNgY8G2pwJaOezv8_x5wJ2cD5eA=w180-h180-l90-rj,,Aujla Szn,Karan Aujla / Mxrci,,,Aujla Szn Karan Aujla & Mxrci
2026-10-08,in,India,top_songs_weekly,,63,https://yt3.googleusercontent.com/pXlNJUoQF1Cyp4_w91VoCA-4-WE2rLIBwOEGAlwOXOnjPwxBCHCn7CXoZBIZTKwzuvT6PY_3YH6QNnQ=w180-h180-l90-rj,,Ooroda Oththa Don,Sai Abhyankkar / Vangal Pulla Vicky / Thamizh Aadhavan / KK Nagar Gana Jeeva,,,"Ooroda Oththa Don Sai Abhyankkar , Vangal Pulla Vicky , Thamizh Aadhavan & KK Nagar Gana Jeeva"
2026-10-08,in,India,top_songs_weekly,,64,https://yt3.googleusercontent.com/S92HrQXBAXZU1dEEC6qHNL7ht9YEJ0pBzg4Cd5exbm51xD_RueWChBSPXp6ViBln6oMOKkqFQZakktdG=w180-h180-l90-rj,,Sohnea (feat. Millind Gaba),Miss Pooja,,,Sohnea (feat. Millind Gaba) Miss Pooja
2026-10-08,in,India,top_songs_weekly,,65,https://yt3.googleusercontent.com/zi2CpzL8jnlXcH7_8rBgQoYF3ljOLtydjCtssSVL0q0YYAPrfh-tScUIBnM59m4Uu3oyxbBN3ri6HfZZ=w180-h180-l90-rj,,Do Numbari (From “Mirzapur The Movie”),Dhanda Nyoliwala,,,Do Numbari (From “Mirzapur The Movie”) Dhanda Nyoliwala
2026-10-08,in,India,top_songs_weekly,,66,https://yt3.googleusercontent.com/0ifsHj6e3RLiNbXb95WJ1DqwA62h181vbvYGusB-O-S6aUQcDqu2HTtZ_7E49QiIOfbjssJVUpY50nk=w180-h180-l90-rj,,Udi Udi,Aneesh / SARKAR / Hruday,,,"Udi Udi Aneesh , SARKAR & Hruday"
2026-10-08,in,India,top_songs_weekly,,67,https://i.ytimg.com/vi/pmHnlBqjpm0/default.jpg,https://www.youtube.com/watch?v=pmHnlBqjpm0,या अली (Ya Ali),Zubeen Garg,,,या अली (Ya Ali) Zubeen Garg
2026-10-08,in,India,top_songs_weekly,,68,https://yt3.googleusercontent.com/RcpHTlAc54oWwpzyX5hj2HsfyLathtw29429-0tqGke05lB5vy9pSXIpHtrH17C4rPse61U7sCwN99hxtw=w180-h180-l90-rj,,LAAVAN,Jasmine Sandlas / Mofusion,,,LAAVAN Jasmine Sandlas & Mofusion
2026-10-08,in,India,top_songs_weekly,,69,https://yt3.googleusercontent.com/rirlc3hmOGpqi6HQlA7bYrQ_eUs93RNkY5hvOjvVM0TXQdrwNc9_z2BCml7ORw7UaB2Svh05-Y5Xv8ay_A=w180-h180-l90-rj,,Vaaroon (feat. Romy & Ginny Diwan),阿南德·巴斯卡爾,,,Vaaroon (feat. Romy & Ginny Diwan) 阿南德·巴斯卡爾
2026-10-08,in,India,top_songs_weekly,,70,https://yt3.googleusercontent.com/OQMwA4BC4ds_3UlxtnckZ9ckVEO1B-8NGaYYzrU6inSoT8Df5uSh4F0Ld64w1zJTYH0WH32QEEm63DM=w180-h180-l90-rj,,Kamar DJ Pe,Manish Sonipat Aala / Bali Sharma / Vampire,,,"Kamar DJ Pe Manish Sonipat Aala , Bali Sharma & Vampire"
2026-10-08,in,India,top_songs_weekly,,71,https://yt3.googleusercontent.com/ypmBHYXyCVM57R9rx9h_SSx3IW2Sov7HT9HssZQd6QoRAEIIugFJyY9bfVvfY1bYTCS9LpKN1RfQDokgkQ=w180-h180-l90-rj,,Jai Jai Rama,Deepali Sahay / Raghav Kaushik,,,Jai Jai Rama Deepali Sahay & Raghav Kaushik
2026-10-08,in,India,top_songs_weekly,,72,https://yt3.googleusercontent.com/27A9Y4pDF6Ved6n-NpiXViWJxpM99ZdzOa6R4u-4XTIj08WjP8YVcRjTQ05LthWFkqOyW3gKKNjF2hb0aQ=w180-h180-l90-rj,,YEDA YUNG,YUNG DSA / Year Down,,,YEDA YUNG YUNG DSA & Year Down
2026-10-08,in,India,top_songs_weekly,,73,https://yt3.googleusercontent.com/W5A5W9XFZREAJey7i92EfJyFLJeN8O4l1QAdDVydWRFzihBi6GH0dpR5ygM2ysC6a5wtz4aXvt0Jav2s=w180-h180-l90-rj,,Banger,Badshah / Hiten / Sharvi Yadav,,,"Banger Badshah , Hiten & Sharvi Yadav"
2026-10-08,in,India,top_songs_weekly,,74,https://yt3.googleusercontent.com/QhFYCU6cDMEXrG4ZwKoMloQKlu6Ck-UM4BWsQcVhthJB9PBnHfbvZH8TaFItbwy_dtmWBPuH5ZbIH_kH=w180-h180-l90-rj,,BAILA LENTO,sma$her / MC DA$ILVA,,,BAILA LENTO sma$her & MC DA$ILVA
2026-10-08,in,India,top_songs_weekly,,75,https://yt3.googleusercontent.com/rLqkezyVelfQXRN_CaCHRXSHdbazFC98CAu5VeQwDzRLC9C0woEZQzPYvd9amccshlL8dT_MagtYp_Ii=w180-h180-l90-rj,,Koi Jaye To Le Aaye,Alka Yagnik / Shankar Mahadevan,,,Koi Jaye To Le Aaye Alka Yagnik & Shankar Mahadevan
2026-10-08,in,India,top_songs_weekly,,76,https://yt3.googleusercontent.com/Go2IT1ulrZ_MGrkM3YEQOTgABuj8UtOCJzUOJMYJ55KR4JIIEhAUgIXbV7vzVPf13hQnBsc69xaz07k=w180-h180-l90-rj,,Bheed Mein,Udit Narayan / Shreya Ghoshal,,,Bheed Mein Udit Narayan & Shreya Ghoshal
2026-10-08,in,India,top_songs_weekly,,77,https://i.ytimg.com/vi/jA0gY6P-qmw/default.jpg,https://www.youtube.com/watch?v=jA0gY6P-qmw,Vibe Venuma,Hiphop Tamizha / Kaushik Krish / V.M. Mahalingam / VJ Siddhu,,,"Vibe Venuma Hiphop Tamizha , Kaushik Krish , V.M. Mahalingam & VJ Siddhu"
2026-10-08,in,India,top_songs_weekly,,78,https://yt3.googleusercontent.com/cg5bjzgu3bp4VIsThlKg0eL01C1_y10ttj6fbFcuaIJ_FXL73gHnKSLs3CIRfS7q0VKgwkTcVQ3ZJOc=w180-h180-l90-rj,,Achchi Lagti Ho,Kavita Krishnamurthy / Udit Narayan,,,Achchi Lagti Ho Kavita Krishnamurthy & Udit Narayan
2026-10-08,in,India,top_songs_weekly,,79,https://yt3.googleusercontent.com/efc_IjXDv4Z9llUZy-oted3rtm_U4hoSPwH2bkSQFiX_RzqYfis3smatOlTtk-XDJbhtg-iE4lc_RzQ=w180-h180-l90-rj,,Low Fade,Karan Aujla / Mxrci,,,Low Fade Karan Aujla & Mxrci
2026-10-08,in,India,top_songs_weekly,,80,https://yt3.googleusercontent.com/OfrM446a-sYLkQ6ITT-5SZhFZ26bk6dZFyMH2wuZ-eJ3e8e0cQGalqOduiDhfay0mC9wvZBdP363ZVQ=w180-h180-l90-rj,,Nachiab Hathiyar Se,Shubham Raj (SBR) / Anjali Raj / Prince Shaan Dubey,,,"Nachiab Hathiyar Se Shubham Raj (SBR) , Anjali Raj & Prince Shaan Dubey"
2026-10-08,in,India,top_songs_weekly,,81,https://yt3.googleusercontent.com/NtHXUC67XhMBVy07_VPG6PqLoPKkcO1IUXRBVrscSMMg7Ub94aYMJpwfNgY8G2pwJaOezv8_x5wJ2cD5eA=w180-h180-l90-rj,,Straight Up,Karan Aujla / Mxrci,,,Straight Up Karan Aujla & Mxrci
2026-10-08,in,India,top_songs_weekly,,82,https://yt3.googleusercontent.com/OEoDBJvEk6Dw17sK7Hw-cMjdBsiVlajLa4PImKhzfQd8hy95tMHX-fCHtdnr3hIcwUTF_7husclqkoFE=w180-h180-l90-rj,,Teri Meri Kahaani,Arijit Singh / Palak Muchhal,,,Teri Meri Kahaani Arijit Singh & Palak Muchhal
2026-10-08,in,India,top_songs_weekly,,83,https://yt3.googleusercontent.com/YNwurdM9PN9xv3zgQ0Jmz1rSTn8IW23adRJcPpn1vit_ZrrCr_uakIbvMYHQQecUsOiQ-LDJ4evHGX9k=w180-h180-l90-rj,,Endhayya Saami,Ajay Gogavale / Shweta Mohan / 阿傑-阿圖爾,,,"Endhayya Saami Ajay Gogavale , Shweta Mohan & 阿傑-阿圖爾"
2026-10-08,in,India,top_songs_weekly,,84,https://yt3.googleusercontent.com/jqVnP-zVCSNA-o0Qh7_Xqm8naFzTkwu69XBxwR-21EGOdD6NFO5a66HokYXpJuZtFgcxpZUUC6ILfA0Rug=w180-h180-l90-rj,,Maruti,Dhanda Nyoliwala / Ron Likhari / Miki Malang,,,"Maruti Dhanda Nyoliwala , Ron Likhari & Miki Malang"
2026-10-08,in,India,top_songs_weekly,,85,https://yt3.googleusercontent.com/oOrw5lKjIcQ-nxb70w4SuMYG-83mgeeVzVa6ofOhBrrTj9VRS_tWmVeo6w5zMdQCR0CsGo5v_UVXWP2Z=w180-h180-l90-rj,,Case Teri Rani Ladegi,Khesari Lal Yadav / Srishti Bharti,,,Case Teri Rani Ladegi Khesari Lal Yadav & Srishti Bharti
2026-10-08,in,India,top_songs_weekly,,86,https://yt3.googleusercontent.com/xd4g3VgUwJxnxJ6Ck2hBrgU1WHXaAa8iJ_HRWeujas1kq4veCvndmsuWev2RpbnV8IXtvGYDhIPiDnw=w180-h180-l90-rj,,O Sanam,Akhil Sachdeva,,,O Sanam Akhil Sachdeva
2026-10-08,in,India,top_songs_weekly,,87,https://yt3.googleusercontent.com/qVKfpsOuD6oubDnQVZ3fjTNiYXhxkN_e3e_bnlqmqykbK2Ft_7ZioiVqR1KpO_y0XT_Ij03Hv9O8zIUXWA=w180-h180-l90-rj,,Love All Day,SxyCip,,,Love All Day SxyCip
2026-10-08,in,India,top_songs_weekly,,88,https://yt3.googleusercontent.com/jvP1eun9fOtAnJLYFMj5r2QflaLM9N1ZyKG4sUGazAQyTwSl7akf59hrPwXTSinhCLvS9nxymmBNNqg=w180-h180-l90-rj,,Bum Baa Diga Diga,Anirudh Ravichander / Vedan / Heisenberg,,,"Bum Baa Diga Diga Anirudh Ravichander , Vedan & Heisenberg"
2026-10-08,in,India,top_songs_weekly,,89,https://yt3.googleusercontent.com/upmvJG0pEwTDgchGiPgUlLoC4YeC1YLG3DH3NHvUMqFw6OSworHi4Ea02wHR9IGP_gesSLBWfIm2pVE=w180-h180-l90-rj,,Tera Mera Rishta Purana,Pritam / Mustafa Zahid / Sayeed Quadri,,,"Tera Mera Rishta Purana Pritam , Mustafa Zahid & Sayeed Quadri"
2026-10-08,in,India,top_songs_weekly,,90,https://yt3.googleusercontent.com/rfk664Pl2AHH44a0Du2czXg-EhFwgKw_R3K-DEPmSz9zvM-rf4r5izHzB1cqqYuLuVUnszM464q0nml-=w180-h180-l90-rj,,Raga of Revenge,Anirudh Ravichander,,,Raga of Revenge Anirudh Ravichander
2026-10-08,in,India,top_songs_weekly,,91,https://yt3.googleusercontent.com/makJk-zzt-IS2kU4f4E4ymj2kJbb8CHE5vBJHkWIeguS2q5F7CPD4lw2gZghvZBqr9ggDeW2VDfyYzYJ=w180-h180-l90-rj,,MOURYA RE,Shankar Mahadevan / Shankar Ehsaan Loy / 賈韋德·阿赫塔爾,,,"MOURYA RE Shankar Mahadevan , Shankar Ehsaan Loy & 賈韋德·阿赫塔爾"
2026-10-08,in,India,top_songs_weekly,,92,https://i.ytimg.com/vi/e5LShHAE03A/default.jpg,https://www.youtube.com/watch?v=e5LShHAE03A,Aadat,Jal / Mithoon / Atif Aslam,,,"Aadat Jal , Mithoon & Atif Aslam"
2026-10-08,in,India,top_songs_weekly,,93,https://yt3.googleusercontent.com/GGiJHk6tUOiyLfw1X4h5uTasORizQriZsomY3HfSzqZNE6Wk88GYRBDLu684pyXoWc-dE-0VLrHOmBln=w180-h180-l90-rj,,Sulochana,Sanvi Sudeep,,,Sulochana Sanvi Sudeep
2026-10-08,in,India,top_songs_weekly,,94,https://yt3.googleusercontent.com/kUBfeEIYE4gPmMWXoaVJot2VCWKN1-h84MeKfRXjiFoEc8YZdZW75RxSOmxHt96POs1cYdQB2skm7jfErg=w180-h180-l90-rj,,Brown Rang,Yo・Yo・哈尼・辛,,,Brown Rang Yo・Yo・哈尼・辛
2026-10-08,in,India,top_songs_weekly,,95,https://yt3.googleusercontent.com/DdKSCO3TryYH-xiK2x98DQjamSEV3Ubw_fFWKCagtcLx71srtn5M3BMs_U89zoUJ0CPZUG7MajtYzTG0Fg=w180-h180-l90-rj,,DIL TU HI BATAA,阿麗莎·切尼 / Zubeen Garg / Rajesh Roshan / 薩米爾・安姜,,,"DIL TU HI BATAA 阿麗莎·切尼 , Zubeen Garg , Rajesh Roshan & 薩米爾・安姜"
2026-10-08,in,India,top_songs_weekly,,96,https://yt3.googleusercontent.com/bJYoWiJRgceThMuWbwuzsjtF_RfkxKVYwlYvBh5m-WwTNofernOSAalnmDmURH2YNEopVUPcjUXGsIA=w180-h180-l90-rj,,Goindhamma,Hiphop Tamizha / Kaushik Krish / Gana Vinoth / Gana Ulagam Dharani / Gana sudhakar,,,"Goindhamma Hiphop Tamizha , Kaushik Krish , Gana Vinoth , Gana Ulagam Dharani & Gana sudhakar"
2026-10-08,in,India,top_songs_weekly,,97,https://yt3.googleusercontent.com/v4iDo20hJgEuc0kczk1HeHuRI8H_FlSAMyF6rFpc6H0K0nejblVBKmI6IHd6N-SexLmtvk3g0_cNx-2t=w180-h180-l90-rj,,Seethakoka,Ahmed Khan Durani (AKD),,,Seethakoka Ahmed Khan Durani (AKD)
2026-10-08,in,India,top_songs_weekly,,98,https://yt3.googleusercontent.com/RqhsUKT4se5GF5vsvM1pxNs2o2kR3VHsBw6a3R2iJQQkLD1kK_I4gr3wHgJsg6U58FMFFF4wuzqws4fR=w180-h180-l90-rj,,Maine Khud Ko,Mustafa Zahid,,,Maine Khud Ko Mustafa Zahid
2026-10-08,in,India,top_songs_weekly,,99,https://yt3.googleusercontent.com/lzmtX3wPrmKRYxV-JOSA5g7Ql5qjijmcYgiXjYNMJQy2HHI_s7ft18UcRWokJYHZM-SbedjUMDY9gRbuig=w180-h180-l90-rj,,WATTARAM,Gana Badri / Reni Lamb,,,WATTARAM Gana Badri & Reni Lamb
2026-10-08,in,India,top_songs_weekly,,100,https://yt3.googleusercontent.com/nXMmyKfafHkvOZiplk_i-H26WphIn5Dyv4dPEx0qicsthPTqoAHbzci0vd-Ersk6oklgBUUQ1W5fuuXFNg=w180-h180-l90-rj,,Mere Mehboob Qayamat Hogi,Kishore Kumar,,,Mere Mehboob Qayamat Hogi Kishore Kumar